item_id,disposition,correction,evidence,reviewer,date
task-and-scope,,,,,
rights-and-credits,,,,,
family-allocation,,,,,
exception:figure,,,,,
exception:subscripts,,,,,
exception:symbol,,,,,
exception:mass-force,,,,,
exception:assumptions,,,,,
exception:exponent,,,,,
exception:table,,,,,
exception:scope,,,,,
exception:rights,,,,,
DOE-PRESSURE-DRAFT-01,,,,,
DOE-PRESSURE-DRAFT-02,,,,,
DOE-PRESSURE-DRAFT-03,,,,,
DOE-PRESSURE-DRAFT-04,,,,,
DOE-PRESSURE-DRAFT-05,,,,,
DOE-PRESSURE-DRAFT-06,,,,,
DOE-PRESSURE-DRAFT-07,,,,,
DOE-PRESSURE-DRAFT-08,,,,,
DOE-PRESSURE-DRAFT-09,,,,,
DOE-PRESSURE-DRAFT-10,,,,,
DOE-PRESSURE-DRAFT-11,,,,,
DOE-PRESSURE-DRAFT-12,,,,,
DOE-PRESSURE-DRAFT-13,,,,,
DOE-PRESSURE-DRAFT-14,,,,,
DOE-PRESSURE-DRAFT-15,,,,,
