"id","priority","state","work_package","inputs","done_when","depends_on","owner","gate"
"FQ-01","1","PREPARED_WAIT_REVIEW","Calculation verifier rehearsal (SD-04)","absolute_pressure_ratio_v1; fabricated absolute/gauge inputs and fixed expected results","Checked calculation artifact and negative tests; preserve the existing generated-number guard; engineering method acceptance remains pending","","Implementation; qualified reviewer accepts the method later","None for fabricated code rehearsal; scope/tolerance approval before real candidates"
"FQ-02","2","PREPARED_WAIT_REVIEW","Extract the acquired DOE handbook pilot section","Existing DOE-HDBK-1012/1-92 Volume 1 PDF; source credits and selected pages","Page-linked text/table/equation extraction, exception report and blank review packet; no automatic QA release","","Implementation; Brad rights; qualified reviewer applicability","Confirm item-level rights and method scope before training use"
"FQ-03","3","PREPARED_WAIT_REVIEW","Prepare new engineering source families","Existing DOE steam/process-heating/pumping shortlist; historical incident and AP-42 leads","Source shortlist prepared in draft Broadbridge #19; rights and technical review pending","","Implementation; Brad rights; reviewer technical scope","New families only; public-v1 families and derivatives stay excluded"
"FQ-04","4","PREPARED_WAIT_REVIEW","Audit the existing Hugging Face math sample","Local OpenMathInstruct-2 intake receipt/sample; not a refinery dataset","Math audit and quality hold recorded in draft Broadbridge #19; no admission","","Implementation; Brad release","Recheck source terms/provenance; no claim of domain competence or automatic admission"
"FQ-05","5","ISOLATED_IN_PROGRESS","Test extraction and normalization coverage","Fabricated PDF/tables, DOCX, CSV, EML/thread, scan/drawing and transcript fixtures","Diagram target recovery isolated in draft Broadbridge #23 and Foundry #19; qualification and raster gaps remain","","Implementation","Use supplied local artifacts only; no implicit model download; current Qwen consumes checked text"
"FQ-06","6","PREPARED_WAIT_REVIEW","Rehearse release rejection and CPU training audit (SD-06 preparation)","Fabricated candidates/receipts/family history; existing prepare/train dry-run path","Mock acceptance/release refusals and CPU audit prepared in draft Broadbridge #19; authenticated live integration open","","Implementation","No model weights/GPU/network; missing tokenizer assets remain a prerequisite"
"FQ-07","7","PREPARED_WAIT_REVIEW","Prepare the helper comparison protocol revision","Recorded public-v1 operational failures and original immutable evaluation","HELPER_COMPARISON_V2.md and HELPER_COMPARISON_EXECUTION.md; bounded paired executor, failure receipts, hash-bound approval worksheet and score aggregation; HTTP-mocked rehearsal only","","Implementation; Brad approves live inputs/budget; reviewer quality criteria","Real provider/token/rights preflight and exact-run approval precede live A; reviewed A precedes B; do not overwrite v1 or select a winner yet"
"FQ-08","8","WAIT_REVIEW","Confirm priority tasks, references and recipes (SD-01)","Existing Case Capture A8, public scoring and proposed discovery questionnaire; draft source packets","Named decisions on first tasks, exclusions, recipe versions, hard-fail criteria and reviewer competence","","Brad; Bill or another appointed qualified reviewer","Questionnaire is optional additional input, not a blocker to current A8/case/scoring workflow"
"FQ-09","9","WAIT_CASES_AND_RUN","Run and score S0-cases","Signed permitted case exports, decision-time prompt and five-type reference questions","Stock qwen3:8b briefs plus human scorecards/aggregate; Gate 0 coverage recorded separately","FQ-08","Brad operator; appointed reviewer","Per-case signoff/rights and explicit bounded inference session; Gate 0 needs >=30 case-derived questions across five types"
"FQ-10","10","WAIT_SCORED_BASELINE","Build and compare S0-retrieval","First scored S0-cases failures and about 20 admitted supporting documents","On-box index and comparable scored briefs; beat S0-cases before training is considered","FQ-09","Implementation; appointed reviewer; Brad compute","Do not build now; Qwen prompts/settings and evaluation inputs matched"
"FQ-11","11","WAIT_REVIEW_AND_RUN","Run the bounded synthetic candidate pilot (SD-05)","Approved recipes and new training-eligible source families; reviewed calculation artifacts for numerical items","Up to 100 pending candidates, proposed 20/type and <=10/family; independent dispositions for every attempt","FQ-08","Brad approves exact plan/budget; author and separate qualified accepting reviewer","FQ-01 method acceptance required for calculations; reduce size for insufficient families; no automatic retries or cloud use of private material"
"FQ-12","12","WAIT_ACCEPTED_DATA","Freeze the reviewed dataset (SD-06)","Accepted exact candidates/cases, current source permissions, provenance and family history","Immutable messages JSONL release/hash; lineage, family splits, assistant-target token audit and exclusions","FQ-06;FQ-11","Brad release; qualified reviewer technical acceptance","No unreviewed outputs, raw transcripts or discovery preferences enter training; signed/training cases still require release review"
"FQ-13","13","WAIT_GPU_GATE","Host readiness and bounded QLoRA smoke test","Gate 0 close, successful baseline comparisons, approved release and compute plan","Verified training venv/profile needs, pinned base/tokenizer revision, minimal adapter run and resource receipt","FQ-10;FQ-12","Brad compute; implementation operator","No EC2 now; attach needed profile/bootstrap only in authorized host session; checkpoint status is last documented, not newly probed"
"FQ-14","14","WAIT_SMOKE_RESULT","Train and compare the first domain adapter (SD-07)","Successful smoke; frozen configs/token budget and independent evaluation families","Base/retrieval/adapter comparison: per-type scores, critical errors, grounding, abstention, latency and regressions","FQ-13","Brad operator/release; qualified reviewer","Match base-versus-adapter template, think:false, quantization and context/settings; retain S0 history; do not attribute gains to synthetic data without matched ablation"
"FQ-15","15","WAIT_ACCEPTANCE","Reproduce and release the accepted adapter","Accepted comparison and exact adapter/config/data hashes","Second-operator reproduction; hash-keyed deploy_pack.sh GGUF release and rollback record","FQ-14","Brad release; second operator verification","No new critical errors on evaluated set; do not use deploy/serve_ollama.sh for Qwen3; no automatic production promotion"
"FQ-16","16","POST_V0","Specialist expansion and advanced training","Norm/other expert participation and rights; demonstrated task need","Separate proposals for specialist families, simulator examples, preference data/RL and native vision/audio","FQ-15","Brad scope; appointed specialists","CAD/geospatial demonstration is separate; current Qwen3-8B text pipeline is not a vision/audio model"
